Name,Start Date,End Date,Wind Speed
Name,Start Date,End Date,Wind Speed
Agni - Cyclone (2004),28/11/2004,3/12/2004,65
Aila - Cyclone (2009),24/05/2009,25/05/2009,65
Laila - Cyclone (2010),17/05/2010,21/05/2010,65
Mala - Cyclone (2006),24/04/2006,29/04/2006,115
Nargis - Cyclone (2008),27/04/2008,3/05/2008,115
Phet - Cyclone (2010),31/05/2010,6/06/2010,125
Adeline juliet - Cyclone (2005),5/04/2005,12/04/2005,130
Alenga - Cyclone (2011),5/12/2011,9/12/2011,90
Amara - Cyclone (2013),16/12/2013,23/12/2013,130
Anais - Cyclone (2012),12/10/2012,17/10/2012,55
Anja - Cyclone (2009),14/11/2009,18/11/2009,115
Babiola - Cyclone (2000),5/01/2000,11/01/2000,90
Bejisa - Cyclone (2013),29/12/2013,31/12/2013,105
Benilde - Cyclone (2011),28/12/2011,31/12/2011,90
Benilde - Cyclone (2012),28/12/2012,4/01/2013,35
Bessi bako - Cyclone (2001),1/12/2001,3/12/2001,75
Bianca - Cyclone (2011),25/01/2011,29/01/2011,115
Bindu - Cyclone (2001),7/01/2001,16/01/2001,115
Bingiza - Cyclone (2011),9/02/2011,17/02/2011,100
Boura - Cyclone (2002),15/11/2002,22/11/2002,75
Carina - Cyclone (2006),23/02/2006,2/03/2006,130
Christine - Cyclone (2013),28/12/2013,30/12/2013,85
Claudia - Cyclone (2012),6/12/2012,13/12/2012,45
Cleo - Cyclone (2009),7/12/2009,14/12/2009,115
Connie - Cyclone (2000),25/01/2000,2/02/2000,115
Crystal - Cyclone (2002),24/12/2002,29/12/2002,90
Dera - Cyclone (2001),9/03/2001,13/03/2001,75
Dianne - Cyclone (2011),16/02/2011,22/02/2011,85
Dianne jery - Cyclone (2002),8/04/2002,11/04/2002,105
Dina - Cyclone (2002),17/01/2002,24/01/2002,130
Dora - Cyclone (2007),28/01/2007,9/02/2007,115
Ethel - Cyclone (2012),19/01/2012,22/01/2012,120
Fame - Cyclone (2008),25/01/2008,1/02/2008,80
Francesca - Cyclone (2002),1/02/2002,11/02/2002,115
Gamede - Cyclone (2007),21/02/2007,2/03/2007,105
Gelane - Cyclone (2010),16/02/2010,21/02/2010,125
Giovanna - Cyclone (2012),9/02/2012,21/02/2012,50
Glenda - Cyclone (2006),27/03/2006,30/03/2006,140
Gloria - Cyclone (2000),28/02/2000,5/03/2000,65
Gula - Cyclone (2008),27/01/2008,2/02/2008,85
Haruna - Cyclone (2013),19/02/2013,25/02/2013,100
Hudah - Cyclone (2000),24/03/2000,9/04/2000,125
Ikala - Cyclone (2002),24/03/2002,28/03/2002,105
Ilsa - Cyclone (2009),18/03/2009,23/03/2009,100
Imani - Cyclone (2010),22/03/2010,26/03/2010,70
Imelda - Cyclone (2013),6/04/2013,16/04/2013,85
Ingrid - Cyclone (2005) - Southern India,12/03/2005,15/03/2005,135
Izilda - Cyclone (2009),24/03/2009,26/03/2009,65
Jade - Cyclone (2009),4/04/2009,10/04/2009,65
Jaya - Cyclone (2007),30/03/2007,4/04/2007,110
Jokwe - Cyclone (2008),5/03/2008,14/03/2008,100
Kara - Cyclone (2007),25/03/2007,27/03/2007,80
Kesiny - Cyclone (2002),3/05/2002,11/05/2002,65
Kirrily - Cyclone (2000),27/01/2000,1/02/2000,80
Laurence - Cyclone (2009),13/12/2009,21/12/2009,115
Lua - Cyclone (2012),13/03/2012,17/03/2012,35
Monica - Cyclone (2006) - Southern Indian,24/04/2006,24/04/2006,155
Narelle - Cyclone (2013),7/01/2013,14/01/2013,115
Ophelia - Cyclone (2008),1/03/2008,6/03/2008,65
Rosita - Cyclone (2000),17/04/2000,20/04/2000,125
Victoria - Cyclone (2013),9/04/2013,12/04/2013,80
Ami - Cyclone (2003),11/01/2003,14/01/2003,110
Atu - Cyclone (2011),18/02/2011,23/02/2011,115
Becky - Cyclone (2007),26/03/2007,29/03/2007,70
Bune - Cyclone (2011),23/03/2011,28/03/2011,75
Claudia - Cyclone (2002),11/02/2002,13/02/2002,75
Debbie - Cyclone (2003),18/12/2003,21/12/2003,65
Erica - Cyclone (2003),4/03/2003,15/03/2003,140
Eseta - Cyclone (2003),10/03/2003,14/03/2003,110
Freda - Cyclone (2013),1/01/2013,2/01/2013,70
Freda - Cyclone (2012),28/12/2012,31/12/2012,105
Funa - Cyclone (2008),16/01/2008,20/01/2008,105
Gina - Cyclone (2003),4/06/2003,8/06/2003,90
Ingrid - Cyclone (2005) - Southern Pacific,6/03/2005,11/03/2005,130
Iris - Cyclone (2000),8/01/2000,10/01/2000,65
Ita - Cyclone (2014),4/04/2014,14/04/2014,135
Ivy - Cyclone (2004),22/02/2004,29/02/2004,110
Jasmine - Cyclone (2012),4/02/2012,15/02/2012,115
Jo - Cyclone (2000),24/01/2000,27/01/2000,65
Kerry - Cyclone (2005),5/01/2005,12/01/2005,90
Kim - Cyclone (2000),24/02/2000,29/02/2000,80
Lusi - Cyclone (2014),9/03/2014,13/03/2014,70
Meena - Cyclone (2005),3/02/2005,7/02/2005,125
Monica - Cyclone (2006) - Southern Pacific,17/04/2006,24/04/2006,155
Nancy - Cyclone (2005),13/02/2005,16/02/2005,125
Pat - Cyclone (2010),7/02/2010,11/02/2010,90
Paula - Cyclone (2001),27/02/2001,4/03/2001,90
Sandra - Cyclone (2013),7/03/2013,14/03/2013,110
Sose - Cyclone (2001),6/04/2001,11/04/2001,65
Waka - Cyclone (2002),29/12/2002,2/01/2003,90
Waka - Cyclone (2001),29/12/2001,31/12/2001,100
Wati - Cyclone (2006),19/03/2006,24/03/2006,80
Wilma - Cyclone (2011),22/01/2011,28/01/2011,115
Yani - Cyclone (2006),22/11/2006,25/11/2006,65
Yasi - Cyclone (2011),30/01/2011,3/02/2011,135
Zelia - Cyclone (2011),14/01/2011,17/01/2011,90
Zoe - Cyclone (2002),25/12/2002,31/12/2002,155
Giri - Cyclone (2010),21/10/2010,22/10/2010,135
Hudhud - Cyclone (2014),8/10/2014,12/10/2014,115
Jal - Cyclone (2010),4/11/2010,7/11/2010,70
Abele - Cyclone (2010),29/11/2010,3/12/2010,75
Alistair - Cyclone (2001),16/04/2001,21/04/2001,65
Ando - Cyclone (2001),2/01/2001,10/01/2001,125
Bertie Alvin - Cyclone (2005),19/11/2005,26/11/2005,115
Bessi - Cyclone (2001),27/11/2001,5/12/2001,65
Billy - Cyclone (2008),18/12/2008,27/12/2008,105
Boloetse - Cyclone (2006),25/01/2006,5/02/2006,100
Bondo - Cyclone (2006),18/12/2006,26/12/2006,120
Bongwe - Cyclone (2007),18/11/2007,23/11/2007,65
Bruce - Cyclone (2013),17/12/2013,24/12/2013,140
Carlos - Cyclone (2011),15/02/2011,26/02/2011,65
Charly - Cyclone (2001),19/01/2001,25/01/2001,105
Chris - Cyclone (2002),3/02/2002,6/02/2002,125
Clovis - Cyclone (2007),1/01/2007,4/01/2007,65
Daryl - Cyclone (2006),19/01/2006,22/01/2006,65
Dumile - Cyclone (2013),1/01/2013,5/01/2013,70
Eddy - Cyclone (2002),24/01/2002,28/01/2002,65
Ernest - Cyclone (2005),20/01/2005,23/01/2005,100
Evariste - Cyclone (2001),3/04/2001,8/04/2001,75
Fanele - Cyclone (2009),19/01/2009,22/01/2009,100
Favio - Cyclone (2007),14/02/2007,23/02/2007,125
Felleng - Cyclone (2013),26/01/2013,3/02/2013,115
Floyd - Cyclone (2006),21/03/2006,26/03/2006,115
Funso - Cyclone (2012),19/01/2012,28/01/2012,65
Gael - Cyclone (2009),2/02/2009,10/02/2009,120
George - Cyclone (2007),3/03/2007,9/03/2007,110
Gino - Cyclone (2013),11/02/2013,15/02/2013,90
Guillaume - Cyclone (2002),15/02/2002,22/02/2002,120
Hary - Cyclone (2002),6/03/2002,13/03/2002,140
Hennie - Cyclone (2005),21/03/2005,25/03/2005,65
Hondo - Cyclone (2008),4/02/2008,24/02/2008,125
Humba - Cyclone (2007),21/02/2007,26/02/2007,70
Iggy - Cyclone (2012),25/01/2012,2/02/2012,125
Ivan - Cyclone (2008),7/02/2008,18/02/2008,115
Jacob - Cyclone (2007),7/03/2007,12/03/2007,75
Kamba - Cyclone (2008),7/03/2008,12/03/2008,110
Koji - Cyclone (2012),7/03/2012,12/03/2012,95
Lee ariel - Cyclone (2007),14/11/2007,18/11/2007,65
Leon eline - Cyclone (2000),4/03/2000,23/03/2000,100
Nicholas - Cyclone (2008),12/02/2008,20/02/2008,80
Norman - Cyclone (2000),1/03/2000,8/03/2000,120
Pancho - Cyclone (2008),24/03/2008,29/03/2008,95
Paul - Cyclone (2000),13/04/2000,21/04/2000,125
Rusty - Cyclone (2013),24/02/2013,27/02/2013,95
Sam - Cyclone (2000),5/12/2000,9/12/2000,
Walter - Cyclone (2001),3/04/2001,8/04/2001,90
Willy - Cyclone (2005),9/03/2005,14/03/2005,90
Arthur - Cyclone (2007),24/01/2007,26/01/2007,65
Beni - Cyclone (2003),25/01/2003,31/01/2003,125
Daman - Cyclone (2007),5/12/2007,9/12/2007,105
Dovi - Cyclone (2003),5/02/2003,10/02/2003,130
Evan - Cyclone (2012),11/12/2012,19/12/2012,115
Garry - Cyclone (2013),20/01/2013,27/01/2013,85
Gene - Cyclone (2008),28/01/2008,6/02/2008,100
Guba - Cyclone (2007),13/11/2007,19/11/2007,75
Hamish - Cyclone (2009),5/03/2009,12/03/2009,130
Ian - Cyclone (2014),5/01/2014,13/01/2014,125
Jim - Cyclone (2006),28/01/2006,1/02/2006,80
Larry - Cyclone (2006),18/03/2006,20/03/2006,100
Mick - Cyclone (2009),12/12/2009,15/12/2009,65
Olaf - Cyclone (2005),13/02/2005,20/02/2005,145
Oli - Cyclone (2010),1/02/2010,6/02/2010,115
Percy - Cyclone (2005),25/02/2005,4/03/2005,140
Rene - Cyclone (2010),11/02/2010,16/02/2010,100
Steve - Cyclone (2000),28/02/2000,11/03/2000,65
Tomas - Cyclone (2010),11/03/2010,17/03/2010,115
Ului - Cyclone (2010),11/03/2010,20/03/2010,140
Vaianu - Cyclone (2006),11/02/2006,15/02/2006,75
Xavier - Cyclone (2006),22/10/2006,25/10/2006,115
01b - Cyclone (2003),11/05/2003,19/05/2003,65
02a - Cyclone (2003),12/11/2003,15/11/2003,85
03b - Cyclone (2000),26/11/2000,5/12/2000,65
04b - Cyclone (2000),25/12/2000,28/12/2000,65
Astride - Cyclone (2000),25/12/2000,1/01/2001,65
Edzani - Cyclone (2010),6/01/2010,14/01/2010,135
Heta - Cyclone (2004),2/01/2004,8/01/2004,140
Aletta - Hurricane (2000),22/05/2000,28/05/2000,90
Alma - Hurricane (2002),24/05/2002,1/06/2002,95
Amanda - Hurricane (2014),22/05/2014,29/05/2014,135
Ana - Hurricane (2014),13/10/2014,20/10/2014,75
Barbara - Hurricane (2013),28/05/2013,30/05/2013,65
Beatriz - Hurricane (1999),9/07/1999,16/07/1999,105
Beatriz - Hurricane (2011),19/06/2011,22/06/2011,80
Carlotta - Hurricane (2006),12/07/2006,17/07/2006,75
Carlotta - Hurricane (2012),14/06/2012,17/06/2012,90
Carlotta - Hurricane (2000),18/06/2000,25/06/2000,130
Celia - Hurricane (2010),19/06/2010,29/06/2010,140
Cristina - Hurricane (2014),9/06/2014,15/06/2014,130
Dalila - Hurricane (2001),21/07/2001,28/07/2001,70
Dalila - Hurricane (2013),30/06/2013,7/07/2013,65
Darby - Hurricane (2010),23/06/2010,28/06/2010,105
Darby - Hurricane (1998),23/07/1998,31/07/1998,105
Dolores - Hurricane (1997),6/07/1997,12/07/1997,80
Dora - Hurricane (1999),6/08/1999,20/08/1999,120
Dora - Hurricane (2011),18/07/2011,24/07/2011,135
Ele - Hurricane (2002),25/08/2002,29/08/2002,100
Elida - Hurricane (2008),12/07/2008,19/07/2008,90
Elida - Hurricane (2002),23/07/2002,30/07/2002,135
Emilia - Hurricane (2012),7/07/2012,15/07/2012,120
Estelle - Hurricane (1998),29/07/1998,8/08/1998,115
Felicia - Hurricane (2009),4/08/2009,11/08/2009,120
Felicia - Hurricane (1997),14/07/1997,22/07/1997,115
Fernanda - Hurricane (2005),9/08/2005,16/08/2005,75
Flossie - Hurricane (2007),8/08/2007,16/08/2007,120
Flossie - Hurricane (2001),26/08/2001,2/09/2001,90
Genevieve - Hurricane (2014),25/07/2014,11/08/2014,140
Genevieve - Hurricane (2008),21/07/2008,27/07/2008,65
Georgette - Hurricane (1998),11/08/1998,17/08/1998,100
Gilma - Hurricane (2000),5/08/2000,11/08/2000,70
Gilma - Hurricane (2012),7/08/2012,11/08/2012,70
Henriette - Hurricane (2013),3/08/2013,11/08/2013,90
Henriette - Hurricane (2007),30/08/2007,6/09/2007,75
Hilary - Hurricane (1999),17/09/1999,21/09/1999,65
Hilary - Hurricane (2005),20/08/2005,25/08/2005,90
Hilary - Hurricane (2011),21/09/2011,30/09/2011,125
Ileana - Hurricane (2012),27/08/2012,2/09/2012,75
Ileana - Hurricane (2006),21/08/2006,27/08/2006,105
Ioke - Hurricane (2006),19/08/2006,5/09/2006,140
Iselle - Hurricane (2014),31/07/2014,9/08/2014,120
Isis - Hurricane (1998),1/09/1998,3/09/1998,65
Jimena - Hurricane (1997),25/08/1997,29/08/1997,115
Jimena - Hurricane (2009),29/08/2009,4/09/2009,135
Jimena - Hurricane (2003),28/08/2003,5/09/2003,90
Juliette - Hurricane (2001),21/09/2001,3/10/2001,125
Karina - Hurricane (2014),13/08/2014,27/08/2014,70
Kay - Hurricane (1998),13/10/1998,17/10/1998,65
Kenna - Hurricane (2002),22/10/2002,22/10/2002,145
Kristy - Hurricane (2006),30/08/2006,8/09/2006,65
Linda - Hurricane (2009),7/09/2009,12/09/2009,75
Linda - Hurricane (1997),9/09/1997,17/09/1997,160
Linda - Hurricane (2003),14/09/2003,17/09/2003,65
Madeline - Hurricane (1998),16/10/1998,20/10/1998,75
Marie - Hurricane (2014),22/08/2014,29/08/2014,140
Marie - Hurricane (2008),1/10/2008,6/10/2008,70
Miriam - Hurricane (2012),22/09/2012,28/09/2012,105
Narda - Hurricane (2001),20/10/2001,25/10/2001,75
Nora - Hurricane (1997),16/09/1997,26/09/1997,110
Nora - Hurricane (2003),1/10/2003,9/10/2003,90
Odile - Hurricane (2014),10/09/2014,17/09/2014,115
Patricia - Hurricane (2003),20/10/2003,26/10/2003,70
Pauline - Hurricane (1997),6/10/1997,10/10/1997,115
Rachel - Hurricane (2014),24/09/2014,30/09/2014,75
Adolph - Hurricane (2001),25/05/2001,2/06/2001,125
Adrian - Hurricane (2011),7/06/2011,12/06/2011,120
Adrian - Hurricane (2005),17/05/2005,20/05/2005,75
Adrian - Hurricane (1999),18/06/1999,22/06/1999,85
Andres - Hurricane (2009),21/06/2009,24/06/2009,65
Blas - Hurricane (1998),22/06/1998,30/06/1998,120
Boris - Hurricane (2008),27/06/2008,4/07/2008,65
Bud - Hurricane (2006),11/07/2006,15/07/2006,110
Bud - Hurricane (2012),21/05/2012,26/05/2012,100
Calvin - Hurricane (2011),7/07/2011,10/07/2011,80
Carlos - Hurricane (2009),10/07/2009,16/07/2009,90
Cosme - Hurricane (2007),15/07/2007,23/07/2007,65
Cosme - Hurricane (2013),23/06/2013,27/06/2013,75
Daniel - Hurricane (2012),4/07/2012,12/07/2012,100
Daniel - Hurricane (2006),17/07/2006,26/07/2006,130
Daniel - Hurricane (2000),23/07/2000,4/08/2000,110
Douglas - Hurricane (2002),20/07/2002,26/07/2002,90
Enrique - Hurricane (1997),12/07/1997,16/07/1997,90
Erick - Hurricane (2013),4/07/2013,9/07/2013,70
Eugene - Hurricane (1999),6/08/1999,15/08/1999,95
Eugene - Hurricane (2011),31/07/2011,6/08/2011,120
Fabio - Hurricane (2012),12/07/2012,18/07/2012,90
Fausto - Hurricane (2008),16/07/2008,22/07/2008,85
Fausto - Hurricane (2002),21/08/2002,3/09/2002,125
Frank - Hurricane (2010),21/08/2010,28/08/2010,80
Gil - Hurricane (2013),30/07/2013,7/08/2013,75
Gil - Hurricane (2001),4/09/2001,9/09/2001,85
Greg - Hurricane (2011),16/08/2011,21/08/2011,75
Greg - Hurricane (1999),5/09/1999,9/09/1999,65
Guillermo - Hurricane (1997),30/07/1997,15/08/1997,140
Guillermo - Hurricane (2009),12/08/2009,19/08/2009,110
Hector - Hurricane (2000),10/08/2000,16/08/2000,65
Hector - Hurricane (2006),15/08/2006,23/08/2006,90
Hernan - Hurricane (2008),6/08/2008,13/08/2008,105
Hernan - Hurricane (2014),26/07/2014,29/07/2014,65
Hernan - Hurricane (2002),30/08/2002,6/09/2002,140
Howard - Hurricane (1998),21/08/1998,29/08/1998,130
Huko - Hurricane (2002),24/10/2002,3/11/2002,75
Ignacio - Hurricane (2003),22/08/2003,27/08/2003,90
Irwin - Hurricane (2011),6/10/2011,17/10/2011,80
Ivo - Hurricane (2007),18/09/2007,23/09/2007,70
John - Hurricane (2006),28/08/2006,4/09/2006,115
Jova - Hurricane (2011),6/10/2011,13/10/2011,110
Jova - Hurricane (2005),12/09/2005,24/09/2005,100
Julio - Hurricane (2014),4/08/2014,15/08/2014,105
Kenneth - Hurricane (2011),19/11/2011,25/11/2011,125
Kenneth - Hurricane (2005),14/09/2005,30/09/2005,115
Kiko - Hurricane (2001),22/09/2001,25/09/2001,65
Lane - Hurricane (2000),5/09/2000,14/09/2000,85
Lane - Hurricane (2006),13/09/2006,17/09/2006,110
Lane - Hurricane (2012),15/09/2012,19/09/2012,70
Lester - Hurricane (1998),15/10/1998,26/10/1998,100
Lowell - Hurricane (2014),18/08/2014,24/08/2014,65
Manuel - Hurricane (2013),13/09/2013,20/09/2013,65
Marty - Hurricane (2003),19/09/2003,24/09/2003,85
Max - Hurricane (2005),18/09/2005,22/09/2005,70
Neki - Hurricane (2009),18/10/2009,26/10/2009,105
Norbert - Hurricane (2008),4/10/2008,12/10/2008,115
Norbert - Hurricane (2014),2/09/2014,8/09/2014,105
Octave - Hurricane (2001),31/10/2001,3/11/2001,75
Olaf - Hurricane (2003),3/10/2003,8/10/2003,65
Otis - Hurricane (2005),28/09/2005,3/10/2005,90
Paul - Hurricane (2012),13/10/2012,17/10/2012,105
Paul - Hurricane (2006),21/10/2006,26/10/2006,95
Polo - Hurricane (2014),16/09/2014,22/09/2014,65
Raymond - Hurricane (2013),20/10/2013,30/10/2013,110
Rick - Hurricane (1997),7/11/1997,10/11/1997,75
Rick - Hurricane (2009),15/10/2009,21/10/2009,155
Sergio - Hurricane (2006),14/11/2006,20/11/2006,95
Simon - Hurricane (2014),1/10/2014,8/10/2014,115
Cimaron - Super Typhoon (2006),27/10/2006,4/11/2006,140
Ginger - Super Typhoon (1997),22/09/1997,30/09/1997,145
Haiyan - Super Typhoon (2013),3/11/2013,11/11/2013,170
Ioke - Super Typhoon (2006),19/08/2006,5/09/2006,140
Isa - Super Typhoon (1997),11/04/1997,23/04/1997,145
Joan - Super Typhoon (1997),13/10/1997,24/10/1997,160
Ketsana - Super Typhoon (2003),18/10/2003,26/10/2003,125
Krosa - Super Typhoon (2007),1/10/2007,8/10/2007,130
Kujira - Super Typhoon (2003),9/04/2003,25/04/2003,130
Ma on - Super Typhoon (2004),4/10/2004,9/10/2004,140
Maemi - Super Typhoon (2003),5/09/2003,13/09/2003,150
Man yi - Super Typhoon (2007),8/07/2007,15/07/2007,135
Megi - Super Typhoon (2010),13/10/2010,23/10/2010,155
Muifa - Super Typhoon (2011),25/07/2011,8/08/2011,140
Nalgae - Super Typhoon (2011),27/09/2011,5/10/2011,130
Nida - Super Typhoon (2004),13/05/2004,21/05/2004,140
Oliwa - Super Typhoon (1997),2/09/1997,16/09/1997,140
Parma - Super Typhoon (2003),20/10/2003,31/10/2003,130
Phanfone - Super Typhoon (2002),11/08/2002,20/08/2002,135
Phanfone - Super Typhoon (2014),28/09/2014,6/10/2014,130
Rammasun - Super Typhoon (2014),12/07/2014,19/07/2014,135
Rosie - Super Typhoon (1997),19/07/1997,27/07/1997,140
Sepat - Super Typhoon (2007),12/08/2007,19/08/2007,140
Shanshan - Super Typhoon (2000),17/09/2000,24/09/2000,130
Sudal - Super Typhoon (2004),4/04/2004,15/04/2004,130
Usagi - Super Typhoon (2013),16/09/2013,22/09/2013,140
Winnie - Super Typhoon (1997),8/08/1997,19/08/1997,140
Wipha - Super Typhoon (2007),15/09/2007,19/09/2007,135
Xangsane - Super Typhoon (2006),25/09/2006,30/09/2006,125
Yagi - Super Typhoon (2006),17/09/2006,24/09/2006,140
Yutu - Super Typhoon (2007),17/05/2007,22/05/2007,125
Bilis - Super Typhoon (2000),18/08/2000,24/08/2000,140
Bing - Super Typhoon (1997),27/08/1997,5/09/1997,125
Chaba - Super Typhoon (2004),18/08/2004,31/08/2004,155
Chanchu - Super Typhoon (2006),8/05/2006,18/05/2006,135
Chataan - Super Typhoon (2002),29/06/2002,11/07/2002,130
Damrey - Super Typhoon (2000),5/05/2000,12/05/2000,155
Danas - Super Typhoon (2013),3/10/2013,8/10/2013,125
Dianmu - Super Typhoon (2004),13/06/2004,21/06/2004,155
Dujuan - Super Typhoon (2003),30/08/2003,3/09/2003,125
Durian - Super Typhoon (2006),26/11/2006,5/12/2006,135
Ewiniar - Super Typhoon (2006),29/06/2006,10/07/2006,130
Faxai - Super Typhoon (2001),11/12/2001,25/12/2001,155
Fengshen - Super Typhoon (2002),14/07/2002,27/07/2002,145
Francisco - Super Typhoon (2013),16/10/2013,25/10/2013,140
Hagibis - Super Typhoon (2002),15/05/2002,21/05/2002,140
Halong - Super Typhoon (2014),28/07/2014,10/08/2014,140
Halong - Super Typhoon (2002),7/07/2002,15/07/2002,135
Higos - Super Typhoon (2002),26/09/2002,2/10/2002,135
Imbudo - Super Typhoon (2003),16/07/2003,24/07/2003,130
Ivan - Super Typhoon (1997),13/10/1997,24/10/1997,160
Jelawat - Super Typhoon (2000),1/08/2000,11/08/2000,125
Keith - Super Typhoon (1997),27/10/1997,8/11/1997,160
Lekima - Super Typhoon (2013),20/10/2013,26/10/2013,140
Lupit - Super Typhoon (2003),19/11/2003,1/12/2003,145
Mindulle - Super Typhoon (2004),23/06/2004,4/07/2004,125
Mitag - Super Typhoon (2002),26/02/2002,8/03/2002,140
Neoguri - Super Typhoon (2014),3/07/2014,10/07/2014,135
Nestor - Super Typhoon (1997),7/06/1997,14/06/1997,140
Paka - Super Typhoon (1997),2/12/1997,21/12/1997,160
Podul - Super Typhoon (2001),19/10/2001,27/10/2001,140
Pongsona - Super Typhoon (2002),2/12/2002,11/12/2002,130
Saomai - Super Typhoon (2006),4/08/2006,10/08/2006,140
Saomai - Super Typhoon (2000),3/09/2000,16/09/2000,140
Songda - Super Typhoon (2011),20/05/2011,29/05/2011,140
Songda - Super Typhoon (2004),27/08/2004,7/09/2004,130
Soulik - Super Typhoon (2013),7/07/2013,13/07/2013,125
Tokage - Super Typhoon (2004),12/10/2004,20/10/2004,125
Utor - Super Typhoon (2013),8/08/2013,14/08/2013,130
Vongfong - Super Typhoon (2014),2/10/2014,14/10/2014,155
Wutip - Super Typhoon (2001),27/08/2001,2/09/2001,130
#19 - Super Typhoon (2008),23/09/2008,1/10/2008,140
#3 - Super Typhoon (2008),6/05/2008,13/05/2008,135
Nanmadol - Super Typhoon (2004),28/11/2004,3/12/2004,130
Nanmadol - Super Typhoon (2011),22/08/2011,31/08/2011,135
02e - Tropical Depression (2006),3/06/2006,4/06/2006,30
05e - Tropical Depression (2008),5/07/2008,7/07/2008,30
14e - Tropical Depression (2007),29/09/2007,29/09/2007,30
16e - Tropical Depression (2005),15/10/2005,20/10/2005,30
Eight  - Tropical Depression (2011),31/08/2011,31/08/2011,30
Eight  - Tropical Depression (2010),20/08/2010,22/08/2010,30
Eighte - Tropical Depression (2008),2/11/2008,2/11/2008,30
Eighte - Tropical Depression (2006),26/10/2006,28/10/2006,30
Eleven - Tropical Depression (1999) - Eastern Pacific,23/08/1999,24/08/1999,30
Eleven - Tropical Depression (2007),30/08/2007,31/08/2007,30
Eleven - Tropical Depression (2010),3/09/2010,4/09/2010,30
Eleven - Tropical Depression (2002),5/09/2002,8/09/2002,30
Five e - Tropical Depression (2000),22/07/2000,23/07/2000,30
Five e - Tropical Depression (1997),29/06/1997,4/07/1997,30
Four c - Tropical Depression (1997),31/10/1997,31/10/1997,30
Four c - Tropical Depression (2006),13/10/2006,14/10/2006,30
Four e - Tropical Depression (2007),9/07/2007,11/07/2007,30
Four e - Tropical Depression (1999),23/07/1999,24/07/1999,30
Four e - Tropical Depression (2000),6/07/2000,7/07/2000,30
Fourteen - Tropical Depression (2001),3/10/2001,4/10/2001,30
Makani - Tropical Depression (1999),1/05/1999,1/05/1999,30
Nine e - Tropical Depression (2009),9/08/2009,13/08/2009,30
Nine e - Tropical Depression (1999),13/08/1999,15/08/1999,30
One c - Tropical Depression (2001),11/09/2001,11/09/2001,30
One c - Tropical Depression (2003),15/08/2003,17/08/2003,30
One c - Tropical Depression (1998),16/08/1998,18/08/1998,30
One c - Tropical Depression (1997),26/07/1997,27/07/1997,25
One c - Tropical Depression (2005),3/08/2005,5/08/2005,25
One e - Tropical Depression (2009),18/06/2009,20/06/2009,30
Seven - Tropical Depression (2002) - Eastern Pacific,6/08/2002,8/08/2002,30
Seventeen - Tropical Depression (2008),23/10/2008,24/10/2008,30
Six e - Tropical Depression (2010),14/07/2010,16/07/2010,30
Six e - Tropical Depression (2001),22/08/2001,24/08/2001,30
Six e - Tropical Depression (1999),27/07/1999,28/07/1999,30
Sixteen - Tropical Depression (2014),11/09/2014,14/09/2014,30
Sixteen - Tropical Depression (2002),14/11/2002,16/11/2002,30
Ten e - Tropical Depression (2010),3/09/2010,4/09/2010,30
Thirteen - Tropical Depression (2007),19/09/2007,20/09/2007,30
Three  - Tropical Depression (2006),26/09/2006,26/09/2006,30
Three  - Tropical Depression (2007),11/06/2007,13/06/2007,30
Three  - Tropical Depression (1999),14/07/1999,15/07/1999,30
Three  - Tropical Depression (2002),27/06/2002,29/06/2002,30
Three_e - Tropical Depression (1997),21/06/1997,24/06/1997,30
Twelve - Tropical Depression (2011),12/10/2011,12/10/2011,30
Twelve - Tropical Depression (1998),1/10/1998,3/10/1998,30
Two c - Tropical Depression (2006),18/09/2006,20/09/2006,30
Two c - Tropical Depression (2001),22/09/2001,24/09/2001,30
Two c - Tropical Depression (2009),28/08/2009,29/08/2009,30
Two e - Tropical Depression (2010),16/06/2010,17/06/2010,25
Two e - Tropical Depression (1998),19/06/1998,22/06/1998,30
02s - Tropical Depression (2000),12/11/2000,13/11/2000,125
07s - Tropical Depression (2002),26/12/2002,28/12/2002,30
17s - Tropical Depression (2000),1/03/2000,5/03/2000,30
Bernar - Tropical Depression (2008),20/11/2008,20/11/2008,25
Melani - Tropical Depression (2008),1/01/2008,1/01/2008,30
Vivien - Tropical Depression (2005),7/02/2005,8/02/2005,30
Helen - Tropical Depression (2008),5/01/2008,6/01/2008,30
Leo - Tropical Depression (2000),6/03/2000,7/03/2000,30
Noname - Tropical Depression (2007),5/02/2007,5/02/2007,30
01w - Tropical Depression (2001),18/01/2001,18/01/2001,25
02w - Tropical Depression (2001),18/04/2001,19/04/2001,25
03w - Tropical Depression (2003),17/05/2003,20/05/2003,30
03w - Tropical Depression (2000),21/05/2000,22/05/2000,30
03w - Tropical Depression (2002),19/03/2002,25/03/2002,30
04w - Tropical Depression (2000),30/05/2000,1/06/2000,30
04w - Tropical Depression (2002),5/04/2002,7/04/2002,30
05w - Tropical Depression (2006),8/07/2006,9/07/2006,30
06w - Tropical Depression (2002),28/05/2002,29/05/2002,25
07w - Tropical Depression (2000),13/07/2000,15/07/2000,25
08w - Tropical Depression (2003),15/07/2003,15/07/2003,25
08w - Tropical Depression (2001),10/07/2001,11/07/2001,25
08w - Tropical Depression (2000),16/07/2000,17/07/2000,25
10w - Tropical Depression (2000),20/07/2000,23/07/2000,25
13w - Tropical Depression (2002),18/07/2002,21/07/2002,30
13w - Tropical Depression (2006),24/08/2006,25/08/2006,30
14e - Tropical Depression (2002),22/10/2002,22/10/2002,30
14w - Tropical Depression (2000),8/08/2000,10/08/2000,30
14w - Tropical Depression (2007),21/09/2007,22/09/2007,30
15e - Tropical Depression (2002),22/10/2002,22/10/2002,30
15w - Tropical Depression (2006),12/09/2006,13/09/2006,30
15w - Tropical Depression (2001),24/08/2001,25/08/2001,30
16e - Tropical Depression (2001),20/10/2001,20/10/2001,30
16e - Tropical Depression (2002),14/11/2002,16/11/2002,30
17e - Tropical Depression (2001),31/10/2001,31/10/2001,30
17w - Tropical Depression (2002),5/08/2002,5/08/2002,25
17w - Tropical Depression (2000),18/08/2000,19/08/2000,25
17w - Tropical Depression (2010),21/10/2010,23/10/2010,30
17w - Tropical Depression (2006),23/09/2006,25/09/2006,30
18w - Tropical Depression (2003),6/10/2003,10/10/2003,25
18w - Tropical Depression (2002),10/08/2002,13/08/2002,30
19w - Tropical Depression (2003),12/10/2003,13/10/2003,30
21w - Tropical Depression (1997),11/09/1997,12/09/1997,30
22w - Tropical Depression (2003),22/10/2003,23/10/2003,25
23w - Tropical Depression (2006),9/11/2006,9/11/2006,25
23w - Tropical Depression (2002),10/09/2002,10/09/2002,30
23w - Tropical Depression (2003),23/10/2003,24/10/2003,25
25w - Tropical Depression (2003),12/11/2003,12/11/2003,30
25w - Tropical Depression (2007),26/11/2007,27/11/2007,25
26w - Tropical Depression (2007),28/11/2007,28/11/2007,25
26w - Tropical Depression (1997),4/10/1997,7/10/1997,30
27w - Tropical Depression (2003),24/12/2003,27/12/2003,30
27w - Tropical Depression (2000),28/09/2000,30/09/2000,30
28w - Tropical Depression (2000),6/10/2000,12/10/2000,30
28w - Tropical Depression (2001),18/11/2001,24/11/2001,30
29w - Tropical Depression (2000),21/10/2000,21/10/2000,30
29w - Tropical Depression (2001),20/11/2001,23/11/2001,30
29w - Tropical Depression (2002),26/10/2002,27/10/2002,30
30w - Tropical Depression (2000),25/10/2000,26/10/2000,30
32w - Tropical Depression (2000),8/11/2000,9/11/2000,30
Eighte - Tropical Depression (2013),18/09/2013,18/09/2013,25
Eighte - Tropical Depression (2010),12/11/2010,14/11/2010,25
Four - Tropical Depression (2014),22/03/2014,22/03/2014,30
Fourteen - Tropical Depression (2010),5/10/2010,6/10/2010,30
Fourteen - Tropical Depression (2014),7/09/2014,8/09/2014,25
Haima - Tropical Depression (2004),12/09/2004,13/09/2004,30
Kalmae - Tropical Depression (2002),20/07/2002,21/07/2002,30
Malou - Tropical Depression (2004),4/08/2004,5/08/2004,30
Nineteen - Tropical Depression (2010),12/12/2010,13/12/2010,25
One - Tropical Depression (2010),18/01/2010,19/01/2010,30
One - Tropical Depression (2011),2/04/2011,3/04/2011,30
Podul - Tropical Depression (2013),14/11/2013,15/11/2013,25
Thirteen - Tropical Depression (2013),17/08/2013,17/08/2013,25
Thirteen - Tropical Depression (2011),10/08/2011,12/08/2011,30
Thirty - Tropical Depression (2013),3/12/2013,3/12/2013,30
Tokage - Tropical Depression (2011),15/07/2011,16/07/2011,30
Trami - Tropical Depression (2006),17/12/2006,18/12/2006,30
Twenty-Five - Tropical Depression (2011),4/12/2011,5/12/2011,30
Twenty-Four - Tropical Depression (2011),7/11/2011,8/11/2011,30
Twenty-Six - Tropical Depression (2011),12/12/2011,13/12/2011,30
Two - Tropical Depression (2013),19/02/2013,21/02/2013,25
Two - Tropical Depression (2011),5/04/2011,6/04/2011,30
09e - Tropical Storm (2007),8/08/2007,9/08/2007,35
10e - Tropical Storm (2007),29/08/2007,29/08/2007,35
12e - Tropical Storm (2007),18/09/2007,19/09/2007,50
14e - Tropical Storm (2006),16/09/2006,16/09/2006,35
Agatha - Tropical Storm (1998),11/06/1998,16/06/1998,55
Agatha - Tropical Storm (2010),29/05/2010,30/05/2010,40
Aletta - Tropical Storm (2012),14/05/2012,19/05/2012,40
Aletta - Tropical Storm (2006),27/05/2006,30/05/2006,40
Alika - Tropical Storm (2002),22/08/2002,28/08/2002,55
Alma - Tropical Storm (2008),29/05/2008,30/05/2008,55
Alvin - Tropical Storm (2013),15/05/2013,17/05/2013,45
Alvin - Tropical Storm (2007),29/05/2007,31/05/2007,35
Andres - Tropical Storm (2003),20/05/2003,26/05/2003,40
Andres - Tropical Storm (1997),1/06/1997,6/06/1997,45
Barbara - Tropical Storm (2007),30/05/2007,2/06/2007,45
Barbara - Tropical Storm (2001),20/06/2001,22/06/2001,50
Beatriz - Tropical Storm (2005),21/06/2005,24/06/2005,45
Blanca - Tropical Storm (1997),9/06/1997,12/06/1997,40
Blanca - Tropical Storm (2003),17/06/2003,22/06/2003,55
Blanca - Tropical Storm (2009),6/07/2009,9/07/2009,45
Blas - Tropical Storm (2010),17/06/2010,21/06/2010,55
Boris - Tropical Storm (2002),8/06/2002,11/06/2002,50
Boris - Tropical Storm (2014),2/06/2014,4/06/2014,35
Bud - Tropical Storm (2000),13/06/2000,17/06/2000,45
Calvin - Tropical Storm (1999),25/07/1999,27/07/1999,35
Calvin - Tropical Storm (2005),26/06/2005,29/06/2005,45
Carlos - Tropical Storm (1997),25/06/1997,27/06/1997,45
Carlos - Tropical Storm (2003),26/06/2003,27/06/2003,55
Celia - Tropical Storm (1998),17/07/1998,21/07/1998,50
Cosme - Tropical Storm (2001),13/07/2001,15/07/2001,45
Cristina - Tropical Storm (2008),27/06/2008,1/07/2008,45
Cristina - Tropical Storm (2002),9/07/2002,16/07/2002,55
Dalila - Tropical Storm (2007),23/07/2007,27/07/2007,50
Dolores - Tropical Storm (2009),15/07/2009,17/07/2009,45
Dolores - Tropical Storm (2003),6/07/2003,8/07/2003,35
Dora - Tropical Storm (2005),4/07/2005,6/07/2005,35
Douglas - Tropical Storm (2008),2/07/2008,4/07/2008,35
Douglas - Tropical Storm (2014),28/06/2014,5/07/2014,40
Elida - Tropical Storm (2014),30/06/2014,2/07/2014,45
Emilia - Tropical Storm (2006),21/07/2006,28/07/2006,60
Emilia - Tropical Storm (2000),26/07/2000,30/07/2000,55
Enrique - Tropical Storm (2003),10/07/2003,16/07/2003,55
Enrique - Tropical Storm (2009),3/08/2009,7/08/2009,50
Erick - Tropical Storm (2007),31/07/2007,2/08/2007,35
Erick - Tropical Storm (2001),20/07/2001,24/07/2001,35
Estelle - Tropical Storm (2010),6/08/2010,10/08/2010,55
Eugene - Tropical Storm (2005),18/07/2005,20/07/2005,60
Fabio - Tropical Storm (2006),31/07/2006,3/08/2006,45
Fabio - Tropical Storm (2000),3/08/2000,6/08/2000,45
Fausto - Tropical Storm (2014),7/07/2014,9/07/2014,40
Felicia - Tropical Storm (2003),18/07/2003,23/07/2003,45
Fernanda - Tropical Storm (2011),15/08/2011,20/08/2011,55
Fernanda - Tropical Storm (1999),17/08/1999,22/08/1999,55
Flossie - Tropical Storm (2013),25/07/2013,30/07/2013,55
Frank - Tropical Storm (1998),6/08/1998,10/08/1998,35
Genevieve - Tropical Storm (2002),26/08/2002,1/09/2002,60
Georgette - Tropical Storm (2010),21/09/2010,23/09/2010,35
Gil - Tropical Storm (2007),29/08/2007,2/09/2007,40
Gilma - Tropical Storm (2006),1/08/2006,3/08/2006,35
Greg - Tropical Storm (2005),11/08/2005,15/08/2005,45
Guillermo - Tropical Storm (2003),7/08/2003,12/08/2003,50
Hector - Tropical Storm (2012),11/08/2012,17/08/2012,40
Henriette - Tropical Storm (2001),4/09/2001,8/09/2001,55
Hilda - Tropical Storm (2003),9/08/2003,13/08/2003,35
Hilda - Tropical Storm (1997),10/08/1997,15/08/1997,45
Hilda - Tropical Storm (2009),22/08/2009,27/08/2009,55
Ignacio - Tropical Storm (1997),17/08/1997,18/08/1997,35
Ignacio - Tropical Storm (2009),24/08/2009,27/08/2009,45
Ileana - Tropical Storm (2000),13/08/2000,17/08/2000,60
Irwin - Tropical Storm (1999),8/10/1999,11/10/1999,50
Irwin - Tropical Storm (2005),25/08/2005,28/08/2005,45
Iselle - Tropical Storm (2008),13/08/2008,17/08/2008,45
Iselle - Tropical Storm (2002),15/09/2002,20/09/2002,60
Ivo - Tropical Storm (2001),10/09/2001,14/09/2001,45
Ivo - Tropical Storm (2013),23/08/2013,25/08/2013,40
Javier - Tropical Storm (1998),7/09/1998,11/09/1998,45
John - Tropical Storm (2000),28/08/2000,1/09/2000,60
John - Tropical Storm (2012),2/09/2012,4/09/2012,35
Juliette - Tropical Storm (2007),29/09/2007,2/10/2007,45
Juliette - Tropical Storm (2013),28/08/2013,30/08/2013,45
Julio - Tropical Storm (2008),23/08/2008,26/08/2008,45
Julio - Tropical Storm (2002),25/09/2002,26/09/2002,35
Karina - Tropical Storm (2008),2/09/2008,3/09/2008,35
Kevin - Tropical Storm (2009),29/08/2009,1/09/2009,45
Kevin - Tropical Storm (1997),3/09/1997,6/09/1997,50
Kevin - Tropical Storm (2003),3/09/2003,6/09/2003,35
Kika - Tropical Storm (2008),6/08/2008,12/08/2008,35
Kiko - Tropical Storm (2013),31/08/2013,2/09/2013,60
Kiko - Tropical Storm (2007),15/10/2007,23/10/2007,60
Kristy - Tropical Storm (2012),12/09/2012,17/09/2012,50
Kristy - Tropical Storm (2000),31/08/2000,3/09/2000,35
Lana - Tropical Storm (2009),30/07/2009,3/08/2009,55
Lidia - Tropical Storm (2005),17/09/2005,19/09/2005,40
Lorena - Tropical Storm (2001),2/10/2001,4/10/2001,50
Lorena - Tropical Storm (2013),5/09/2013,8/09/2013,40
Lowell - Tropical Storm (2008),7/09/2008,12/09/2008,50
Lowell - Tropical Storm (2002) - Eastern Pacific,22/10/2002,31/10/2002,45
Maka - Tropical Storm (2009),10/08/2009,12/08/2009,35
Manuel - Tropical Storm (2001),10/10/2001,18/10/2001,45
Marty - Tropical Storm (1997),13/09/1997,16/09/1997,40
Marty - Tropical Storm (2009),16/09/2009,19/09/2009,40
Miriam - Tropical Storm (2000),15/09/2000,17/09/2000,40
Narda - Tropical Storm (2013),6/10/2013,10/10/2013,55
Nora - Tropical Storm (2009),23/09/2009,25/09/2009,50
Norma - Tropical Storm (2005),23/09/2005,27/09/2005,55
Norman - Tropical Storm (2006),9/10/2006,15/10/2006,45
Norman - Tropical Storm (2000),20/09/2000,22/09/2000,40
Norman - Tropical Storm (2012),28/09/2012,29/09/2012,40
Octave - Tropical Storm (2013),13/10/2013,15/10/2013,55
Odile - Tropical Storm (2008),8/10/2008,12/10/2008,55
Olaf - Tropical Storm (1997),26/09/1997,12/10/1997,60
Olaf - Tropical Storm (2009),1/10/2009,4/10/2009,40
Olivia - Tropical Storm (2000),2/10/2000,10/10/2000,55
Olivia - Tropical Storm (2006),9/10/2006,12/10/2006,40
Olivia - Tropical Storm (2012),6/10/2012,9/10/2012,50
Omeka - Tropical Storm (2010),19/12/2010,20/12/2010,45
Paka - Tropical Storm (1997),2/12/1997,6/12/1997,55
Patricia - Tropical Storm (2009),11/10/2009,14/10/2009,50
Paul - Tropical Storm (2000),25/10/2000,29/10/2000,35
Pewa - Tropical Storm (2013),16/08/2013,18/08/2013,55
Polo - Tropical Storm (2008),2/11/2008,5/11/2008,35
Priscilla - Tropical Storm (2013),14/10/2013,17/10/2013,40
Rosa - Tropical Storm (2006),8/11/2006,10/11/2006,35
Rosa - Tropical Storm (2012),30/10/2012,4/11/2012,50
Rosa - Tropical Storm (2000),3/11/2000,8/11/2000,55
Sonia - Tropical Storm (2013),1/11/2013,4/11/2013,40
Trudy - Tropical Storm (2014),17/10/2014,19/10/2014,50
Twenty E - Tropical Storm (2006),11/11/2006,11/11/2006,35
Unala - Tropical Storm (2013) - Eastern Pacific,19/08/2013,19/08/2013,35
Upana - Tropical Storm (2000),19/07/2000,24/07/2000,40
Wali - Tropical Storm (2014),17/07/2014,19/07/2014,40
Wene - Tropical Storm (2000) - Eastern Pacific,15/08/2000,17/08/2000,45
01a - Tropical Storm (2004),5/06/2004,10/06/2004,45
01a - Tropical Storm (2002),6/05/2002,10/05/2002,45
01a - Tropical Storm (2006),13/01/2006,14/01/2006,35
01b - Tropical Storm (2000),16/10/2000,18/10/2000,35
02b - Tropical Storm (2002),10/05/2002,12/05/2002,45
02b - Tropical Storm (2000),27/10/2000,28/10/2000,35
03a - Tropical Storm (2004),1/10/2004,3/10/2004,40
03b - Tropical Storm (2006),2/07/2006,2/07/2006,35
03b - Tropical Storm (2002),11/11/2002,12/11/2002,55
03b - Tropical Storm (2003),12/12/2003,15/12/2003,55
04a - Tropical Storm (2004),4/11/2004,7/11/2004,40
04b - Tropical Storm (2002),23/11/2002,25/11/2002,45
05b - Tropical Storm (2002),23/12/2002,25/12/2002,35
05b - Tropical Storm (2006),28/09/2006,29/09/2006,35
23w - Tropical Storm (2003),24/10/2003,28/10/2003,35
Bandu - Tropical Storm (2010),19/05/2010,22/05/2010,55
Bijli - Tropical Storm (2009),15/04/2009,17/04/2009,50
Four - Tropical Storm (2012),23/12/2012,24/12/2012,40
Khai muk - Tropical Storm (2008),14/11/2008,16/11/2008,45
Mukda - Tropical Storm (2006),21/09/2006,24/09/2006,55
Murjan - Tropical Storm (2012),24/10/2012,25/10/2012,35
Nanauk - Tropical Storm (2014),10/06/2014,13/06/2014,55
Nilam - Tropical Storm (2012),29/10/2012,31/10/2012,55
Nisha - Tropical Storm (2008),25/11/2008,27/11/2008,55
One - Tropical Storm (2014),4/01/2014,5/01/2014,40
Phyan - Tropical Storm (2009),9/11/2009,11/11/2009,50
Rashmi - Tropical Storm (2008),26/10/2008,27/10/2008,45
Seven - Tropical Storm (2008),4/12/2008,7/12/2008,35
Three - Tropical Storm (2009),5/09/2009,5/09/2009,35
Three - Tropical Storm (2012),17/11/2012,19/11/2012,35
Three - Tropical Storm (2008) - Northern Indian,20/10/2008,23/10/2008,35
Two - Tropical Storm (2008),16/09/2008,16/09/2008,35
Ward - Tropical Storm (2009),11/12/2009,14/12/2009,50
01s - Tropical Storm (2005),14/10/2005,15/10/2005,35
01s - Tropical Storm (2000),1/08/2000,3/08/2000,35
01s - Tropical Storm (2007),29/07/2007,30/07/2007,35
01s - Tropical Storm (2001),6/10/2001,7/10/2001,35
01s - Tropical Storm (2002),6/09/2002,8/09/2002,35
02s - Tropical Storm (2005),5/11/2005,8/11/2005,45
03s - Tropical Storm (2001),21/11/2001,21/11/2001,35
04s - Tropical Storm (2001),21/11/2001,23/11/2001,35
04s - Tropical Storm (2005),24/12/2005,25/12/2005,35
06s - Tropical Storm (2000),21/01/2000,23/01/2000,35
08s - Tropical Storm (2002),30/12/2002,31/12/2002,35
09s - Tropical Storm (2007),31/12/2007,31/12/2007,35
10s - Tropical Storm (2005),15/01/2005,17/01/2005,35
12s - Tropical Storm (2006),19/02/2006,20/02/2006,45
16s - Tropical Storm (2001),2/04/2001,5/04/2001,35
17s - Tropical Storm (2008),7/02/2008,10/02/2008,40
21s - Tropical Storm (2002),7/04/2002,7/04/2002,35
21s - Tropical Storm (2001),21/06/2001,23/06/2001,45
Alessia - Tropical Storm (2013) - Southern India,22/11/2013,24/11/2013,45
Alexandre - Tropical Storm (2001),26/10/2001,31-November-2001,55
Anggrek - Tropical Storm (2010),30/10/2010,4/11/2010,55
Anika - Tropical Storm (2008),18/11/2008,20/11/2008,50
Anita - Tropical Storm (2006),30/11/2006,2/12/2006,45
Asma - Tropical Storm (2008),16/10/2008,21/10/2008,55
Atang - Tropical Storm (2002),6/11/2002,13/11/2002,45
Boldwin - Tropical Storm (2012),24/11/2012,25/11/2012,105
Bongani - Tropical Storm (2009),23/11/2009,25/11/2009,45
Bonnie - Tropical Storm (2002),10/04/2002,15/04/2002,50
Celina - Tropical Storm (2007),13/12/2007,18/12/2007,35
Chanda - Tropical Storm (2012),7/01/2012,8/01/2012,55
Cherono - Tropical Storm (2011),17/03/2011,19/03/2011,45
Cinda - Tropical Storm (2008),17/12/2008,21/12/2008,55
Clare - Tropical Storm (2006),8/01/2006,10/01/2006,60
Cyprien - Tropical Storm (2002),1/01/2002,2/01/2002,50
Dama - Tropical Storm (2007),18/12/2007,21/12/2007,50
Damienne - Tropical Storm (2000),1/02/2000,2/02/2000,40
Daren - Tropical Storm (2005),18/01/2005,20/01/2005,40
David - Tropical Storm (2009),13/12/2009,25/12/2009,55
Delfina - Tropical Storm (2002),31/12/2002,31/12/2002,55
Diwa - Tropical Storm (2006),4/03/2006,8/03/2006,55
Dominic - Tropical Storm (2009),25/01/2009,27/01/2009,50
Dongo - Tropical Storm (2009),9/01/2009,12/01/2009,55
Durga - Tropical Storm (2008),22/04/2008,24/04/2008,40
Eighteen - Tropical Storm (2013),24/02/2013,27/02/2013,40
Eleven - Tropical Storm (2010),27/01/2010,30/01/2010,35
Elia - Tropical Storm (2006),12/04/2006,15/04/2006,45
Elnus - Tropical Storm (2008),1/01/2008,4/01/2008,40
Emang - Tropical Storm (2013),12/01/2013,17/01/2013,35
Emma - Tropical Storm (2006),27/02/2006,28/02/2006,35
Enok - Tropical Storm (2007),10/02/2007,11/02/2007,55
Eric - Tropical Storm (2009),18/01/2009,20/01/2009,35
Errol - Tropical Storm (2002),9/05/2002,14/05/2002,45
Errol - Tropical Storm (2011),15/04/2011,18/04/2011,55
Fami - Tropical Storm (2010),2/02/2010,2/02/2010,40
Felicia - Tropical Storm (2000),21/02/2000,24/02/2000,50
Fifteen - Tropical Storm (2012),29/02/2012,1/03/2012,70
Fourteen - Tropical Storm (2011),11/02/2011,12/02/2011,35
Freddy - Tropical Storm (2009),6/02/2009,9/02/2009,55
Gabrielle - Tropical Storm (2009),2/03/2009,4/03/2009,35
Gerard - Tropical Storm (2005),3/02/2005,5/02/2005,60
Grant - Tropical Storm (2011),25/12/2011,27/12/2011,40
Heidi - Tropical Storm (2012),10/01/2012,11/01/2012,75
Helen - Tropical Storm (2008),3/01/2008,5/01/2008,45
Hilwa - Tropical Storm (2012),14/02/2012,22/02/2012,60
Hina - Tropical Storm (2009),21/02/2009,24/02/2009,60
Hubert - Tropical Storm (2010),10/03/2010,10/03/2010,35
Hubert - Tropical Storm (2006),5/04/2006,7/04/2006,55
Indlada - Tropical Storm (2007),12/03/2007,12/03/2007,55
Innocente - Tropical Storm (2000),15/04/2000,19/04/2000,45
Irina - Tropical Storm (2012),29/02/2012,10/03/2012,35
Isang - Tropical Storm (2005),3/04/2005,6/04/2005,55
Isobel - Tropical Storm (2007),2/01/2007,3/01/2007,40
Jamala - Tropical Storm (2013),8/05/2013,11/05/2013,45
Kirrily - Tropical Storm (2009),26/04/2009,28/04/2009,40
Kuena - Tropical Storm (2012),6/06/2012,7/06/2012,105
Lola - Tropical Storm (2008),21/03/2008,24/03/2008,45
Magda - Tropical Storm (2010),20/01/2010,22/01/2010,60
Melanie - Tropical Storm (2007),28/12/2007,31/12/2007,60
Mitchell - Tropical Storm (2012),28/12/2012,30/12/2012,35
Nineteen - Tropical Storm (2012),7/05/2012,7/05/2012,50
Nineteen - Tropical Storm (2009),9/03/2009,10/03/2009,35
Olga - Tropical Storm (2000),15/03/2000,19/03/2000,45
One - Tropical Storm (2010),26/10/2010,28/10/2010,35
One - Tropical Storm (2013),27/10/2013,28/10/2013,35
Peta - Tropical Storm (2013),22/01/2013,23/01/2013,35
Raymond - Tropical Storm (2005),31/12/2005,3/01/2006,50
Robyn - Tropical Storm (2010),2/04/2010,6/04/2010,60
Rosie - Tropical Storm (2008),21/04/2008,24/04/2008,45
Sally - Tropical Storm (2005),8/01/2005,10/01/2005,40
Sean - Tropical Storm (2010),22/04/2010,25/04/2010,55
Seven - Tropical Storm (2012),31/12/2012,31/12/2012,
Terri - Tropical Storm (2001),29/01/2001,31/01/2001,55
Three - Tropical Storm (2008) - Southern Indian,19/11/2008,20/11/2008,40
Tim - Tropical Storm (2005),23/01/2005,25/01/2005,35
Twenty - Tropical Storm (2011),2/04/2011,4/04/2011,35
Two - Tropical Storm (2011),6/12/2011,7/12/2011,35
Vince - Tropical Storm (2011),12/01/2011,16/01/2011,40
Vincent - Tropical Storm (2001),12/02/2001,15/02/2001,35
04p - Tropical Storm (2006),30/11/2006,1/12/2006,35
08p - Tropical Storm (2007),22/01/2007,22/01/2007,45
10p - Tropical Storm (2001),17/01/2001,18/01/2001,35
11p - Tropical Storm (2007),4/02/2007,4/02/2007,35
15p - Tropical Storm (2008),27/01/2008,27/01/2008,35
16p - Tropical Storm (2002),24/02/2002,26/02/2002,35
19p - Tropical Storm (2002),14/03/2002,16/03/2002,35
20p - Tropical Storm (2008),29/02/2008,29/02/2008,35
22p - Tropical Storm (2004),7/04/2004,9/04/2004,35
24p - Tropical Storm (2008),20/03/2008,21/03/2008,35
27p - Tropical Storm (2003),14/04/2003,14/04/2003,35
27p - Tropical Storm (2008),18/04/2008,19/04/2008,35
Abigail - Tropical Storm (2001),25/01/2001,27/01/2001,55
Alessia - Tropical Storm (2013) - Southern Pacific,27/11/2013,27/11/2013,35
Anthony - Tropical Storm (2011),23/01/2011,30/01/2011,45
Bernie - Tropical Storm (2002),3/01/2002,4/01/2002,45
Charlotte - Tropical Storm (2009),11/01/2009,11/01/2009,35
Cilla - Tropical Storm (2003),27/01/2003,27/01/2003,35
Cliff - Tropical Storm (2007),4/04/2007,6/04/2007,55
Craig - Tropical Storm (2003),12/03/2003,12/03/2003,35
Cyril - Tropical Storm (2012),6/02/2012,8/02/2012,45
Daphne - Tropical Storm (2012),2/04/2012,3/04/2012,45
Des - Tropical Storm (2002),5/03/2002,7/03/2002,45
Dylan - Tropical Storm (2014),29/01/2014,31/01/2014,55
Edna - Tropical Storm (2014),4/02/2014,5/02/2014,50
Elisa - Tropical Storm (2008),10/01/2008,11/01/2008,45
Ellie - Tropical Storm (2009),31/01/2009,1/02/2009,40
Evan - Tropical Storm (2004),1/03/2004,2/03/2004,35
Fritz - Tropical Storm (2004),12/02/2004,12/02/2004,35
Gillian - Tropical Storm (2014),8/03/2014,10/03/2014,35
Grace - Tropical Storm (2004),21/03/2004,22/03/2004,35
Hadi - Tropical Storm (2014),10/03/2014,11/03/2014,35
Haley - Tropical Storm (2013),10/02/2013,11/02/2013,45
Harvey - Tropical Storm (2005) - Southern Pacific,6/02/2005,7/02/2005,50
Hettie - Tropical Storm (2009),28/01/2009,29/01/2009,35
Innis - Tropical Storm (2009),17/02/2009,18/02/2009,35
Jasper - Tropical Storm (2009),24/03/2009,25/03/2009,45
Joni - Tropical Storm (2009),11/03/2009,13/03/2009,55
June - Tropical Storm (2014),17/01/2014,19/01/2014,40
Kate - Tropical Storm (2006),22/02/2006,24/02/2006,50
Ken - Tropical Storm (2009),17/03/2009,19/03/2009,45
Kofi - Tropical Storm (2014),1/03/2014,3/03/2014,50
Lin - Tropical Storm (2009),4/04/2009,5/04/2009,50
Mike - Tropical Storm (2014),19/03/2014,19/03/2014,35
Mona - Tropical Storm (2000),10/03/2000,11/03/2000,45
Neil - Tropical Storm (2000),15/04/2000,17/04/2000,40
Nelson - Tropical Storm (2007),6/02/2007,6/02/2007,45
Nisha - Tropical Storm (2010),27/01/2010,30/01/2010,50
Olga - Tropical Storm (2010),23/01/2010,30/01/2010,50
Oma - Tropical Storm (2001),20/02/2001,22/02/2001,50
Oswald - Tropical Storm (2013),21/01/2013,21/01/2013,35
Paul - Tropical Storm (2010),27/03/2010,30/03/2010,60
Pierre - Tropical Storm (2007),17/05/2007,18/05/2007,35
Rae - Tropical Storm (2005),6/03/2005,6/03/2005,35
Rita - Tropical Storm (2001),2/03/2001,5/03/2001,40
Sarah - Tropical Storm (2010),27/02/2010,27/02/2010,35
Seventeen - Tropical Storm (2010),21/02/2010,22/02/2010,35
Tam - Tropical Storm (2006),13/01/2006,14/01/2006,35
Tasha - Tropical Storm (2010),24/12/2010,25/12/2010,35
Tessi - Tropical Storm (2000),1/04/2000,3/04/2000,45
Tim - Tropical Storm (2013),13/03/2013,17/03/2013,55
Trina - Tropical Storm (2001),30/11/2001,1/12/2001,35
Twenty-One - Tropical Storm (2012),29/06/2012,30/06/2012,35
Upia - Tropical Storm (2002),25/05/2002,28/05/2002,35
Urmil - Tropical Storm (2006),15/01/2006,15/01/2006,45
Vania - Tropical Storm (2011),11/01/2011,15/01/2011,60
Vaughan - Tropical Storm (2000),4/04/2000,7/04/2000,55
Winsome - Tropical Storm (2001),10/02/2001,11/02/2001,45
Yolande - Tropical Storm (2002),4/12/2002,5/12/2002,40
Zaka - Tropical Storm (2011),6/02/2011,7/02/2011,45
Zane - Tropical Storm (2013),30/04/2013,1/05/2013,60
Zita - Tropical Storm (2007),23/01/2007,24/01/2007,50
(09w) - Tropical Storm (2007),12/08/2007,12/08/2007,40
(10w) - Tropical Storm (2007),28/08/2007,29/08/2007,35
#1 - Tropical Storm (2008),12/01/2008,17/01/2008,40
#10 - Tropical Storm (2008),3/08/2008,7/08/2008,50
#11 - Tropical Storm (2008),11/08/2008,15/08/2008,35
#12 - Tropical Storm (2008),12/08/2008,17/08/2008,55
#14 - Tropical Storm (2008),25/08/2008,29/08/2008,35
#16 - Tropical Storm (2008),9/09/2008,12/09/2008,35
#17 - Tropical Storm (2008),12/09/2008,15/09/2008,35
#20 - Tropical Storm (2008),27/09/2008,30/09/2008,55
#21 - Tropical Storm (2008),27/09/2008,6/10/2008,40
#22 - Tropical Storm (2008),12/10/2008,15/10/2008,35
#23 - Tropical Storm (2008),17/10/2008,20/10/2008,45
#24 - Tropical Storm (2008),5/11/2008,13/11/2008,55
#25 - Tropical Storm (2008),14/11/2008,17/11/2008,40
#26 - Tropical Storm (2008),14/11/2008,17/11/2008,40
#4 - Tropical Storm (2008),13/05/2008,16/05/2008,40
01w - Tropical Storm (2004),11/02/2004,16/02/2004,35
01w - Tropical Storm (2006),4/03/2006,7/03/2006,35
02w - Tropical Storm (2004),16/03/2004,22/03/2004,45
05w - Tropical Storm (2004),15/05/2004,17/05/2004,35
06w - Tropical Storm (2006),18/07/2006,19/07/2006,35
06w - Tropical Storm (2007),2/08/2007,6/08/2007,35
08w - Tropical Storm (2002),28/06/2002,28/06/2002,35
21w - Tropical Storm (2004),26/08/2004,28/08/2004,35
26w - Tropical Storm (2000),17/09/2000,18/09/2000,50
26w - Tropical Storm (2001),19/10/2001,20/10/2001,45
27w - Tropical Storm (2004),12/10/2004,13/10/2004,45
27w - Tropical Storm (2002),17/10/2002,19/10/2002,35
28w - Tropical Storm (2002),18/10/2002,19/10/2002,35
32w - Tropical Storm (2004),17/12/2004,18/12/2004,35
Aere - Tropical Storm (2011),6/05/2011,11/05/2011,50
Banyan - Tropical Storm (2011),10/10/2011,14/10/2011,35
Bebinca - Tropical Storm (2013),20/06/2013,23/06/2013,35
Bebinca - Tropical Storm (2006),1/10/2006,6/10/2006,45
Bilis - Tropical Storm (2006),9/07/2006,14/07/2006,55
Bolaven - Tropical Storm (2000),24/07/2000,30/07/2000,50
Bopha - Tropical Storm (2006),6/08/2006,10/08/2006,50
Bopha - Tropical Storm (2000),5/09/2000,11/09/2000,55
Cass - Tropical Storm (1997),28/08/1997,30/08/1997,45
Chanchu - Tropical Storm (2000),28/07/2000,29/07/2000,40
Cimaron - Tropical Storm (2001),11/05/2001,14/05/2001,60
Cimaron - Tropical Storm (2013),15/07/2013,18/07/2013,40
Danas - Tropical Storm (2007),7/09/2007,11/09/2007,60
Dianmu - Tropical Storm (2010),8/08/2010,12/08/2010,55
Ella - Tropical Storm (1997),21/09/1997,23/09/1997,40
Faxai - Tropical Storm (2007),26/10/2007,27/10/2007,40
Fengshen - Tropical Storm (2014),7/09/2014,9/09/2014,60
Fitow - Tropical Storm (2001),29/08/2001,31/08/2001,40
Francisco - Tropical Storm (2007),23/09/2007,25/09/2007,45
Fung wong - Tropical Storm (2014),17/09/2014,23/09/2014,50
Hagibis - Tropical Storm (2014),14/06/2014,17/06/2014,45
Hagupit - Tropical Storm (2002),11/09/2002,12/09/2002,45
Haima - Tropical Storm (2011),16/06/2011,24/06/2011,35
Haitang - Tropical Storm (2011),24/09/2011,26/09/2011,35
Hank - Tropical Storm (1997),3/10/1997,3/10/1997,40
Hannah - Tropical Storm (1997),19/01/1997,24/01/1997,50
Jebi - Tropical Storm (2013),31/07/2013,3/08/2013,60
Jelawat - Tropical Storm (2006),26/06/2006,29/06/2006,45
Jimmy - Tropical Storm (1997),22/04/1997,25/04/1997,50
Kaemi - Tropical Storm (2000),20/08/2000,22/08/2000,45
Kajiki - Tropical Storm (2014),30/01/2014,1/02/2014,35
Kajiki - Tropical Storm (2001),5/12/2001,9/12/2001,35
Kammuri - Tropical Storm (2014),24/09/2014,29/09/2014,55
Kammuri - Tropical Storm (2002),2/08/2002,5/08/2002,45
Kelly - Tropical Storm (1997),7/05/1997,10/05/1997,45
Kompasu - Tropical Storm (2004),13/07/2004,16/07/2004,45
Kong rey - Tropical Storm (2013),26/08/2013,31/08/2013,55
Kulap - Tropical Storm (2011),7/09/2011,10/09/2011,45
Leepi - Tropical Storm (2013),17/06/2013,20/06/2013,35
Levi - Tropical Storm (1997),25/05/1997,30/05/1997,45
Linfa - Tropical Storm (2003),25/05/2003,30/05/2003,60
Lingling - Tropical Storm (2007),12/10/2007,13/10/2007,40
Lingling - Tropical Storm (2014),18/01/2014,19/01/2014,35
Lionrock - Tropical Storm (2010),27/08/2010,2/09/2010,55
Longwang - Tropical Storm (2000),18/05/2000,19/05/2000,40
Lowell - Tropical Storm (2002) - Western Pacific,24/10/2002,28/10/2002,45
Malakas - Tropical Storm (2004),10/08/2004,12/08/2004,35
Malou - Tropical Storm (2010),2/09/2010,7/09/2010,45
Man yi - Tropical Storm (2013),12/09/2013,16/09/2013,60
Mangkhut - Tropical Storm (2013),5/08/2013,7/08/2013,40
Maria - Tropical Storm (2000),28/08/2000,1/09/2000,55
Marty - Tropical Storm (2003),19/09/2003,19/09/2003,40
Maysak - Tropical Storm (2002),28/10/2002,29/10/2002,55
Meari - Tropical Storm (2011),21/06/2011,27/06/2011,60
Mekkhala - Tropical Storm (2002),23/09/2002,27/09/2002,55
Mindulle - Tropical Storm (2010),22/08/2010,24/08/2010,60
Nakri - Tropical Storm (2002),8/07/2002,13/07/2002,40
Nakri - Tropical Storm (2014),2/08/2014,3/08/2014,40
Namtheun - Tropical Storm (2010),30/08/2010,1/09/2010,40
Nangka - Tropical Storm (2003),1/06/2003,3/06/2003,50
Noru - Tropical Storm (2004),17/12/2004,21/12/2004,55
Noru - Tropical Storm (2011),3/09/2011,6/09/2011,45
Octave - Tropical Storm (2001),1/11/2001,1/11/2001,60
Omais - Tropical Storm (2010),21/03/2010,26/03/2010,50
Peipah - Tropical Storm (2014),3/04/2014,10/04/2014,35
Rumbia - Tropical Storm (2000),28/11/2000,6/12/2000,50
Rumbia - Tropical Storm (2006),4/10/2006,6/10/2006,45
Sarika - Tropical Storm (2011),9/06/2011,11/06/2011,35
Sarika - Tropical Storm (2004),4/09/2004,7/09/2004,60
Scott - Tropical Storm (1997),27/07/1997,2/08/1997,55
Sepat - Tropical Storm (2013),30/09/2013,2/10/2013,35
Sepat - Tropical Storm (2001),27/08/2001,30/08/2001,45
Sonamu - Tropical Storm (2006),13/08/2006,16/08/2006,45
Sonamu - Tropical Storm (2013),3/01/2013,8/01/2013,45
Soulik - Tropical Storm (2000),29/12/2000,31/12/2000,55
Talas - Tropical Storm (2004),10/12/2004,19/12/2004,45
Talas - Tropical Storm (2011),25/08/2011,4/09/2011,55
Tapah - Tropical Storm (2007),11/11/2007,12/11/2007,35
Tembin - Tropical Storm (2000),17/07/2000,21/07/2000,45
Thirty - Tropical Storm (2013),3/11/2013,6/11/2013,35
Toraji - Tropical Storm (2007),5/07/2007,5/07/2007,35
Toraji - Tropical Storm (2013),1/09/2013,4/09/2013,50
Trami - Tropical Storm (2001),9/07/2001,12/07/2001,35
Two - Tropical Storm (2010),21/03/2010,24/03/2010,40
Unala - Tropical Storm (2013) - Western Pacific,19/08/2013,19/08/2013,35
Usagi - Tropical Storm (2001),9/08/2001,10/08/2001,40
Vamco - Tropical Storm (2003),19/08/2003,20/08/2003,35
Victor - Tropical Storm (1997),31/07/1997,3/08/1997,55
Vongfong - Tropical Storm (2002),15/08/2002,20/08/2002,55
Washi - Tropical Storm (2011),13/12/2011,19/12/2011,55
Wene - Tropical Storm (2000) - Western Pacific,15/08/2000,16/08/2000,40
Wukong - Tropical Storm (2006),12/08/2006,19/08/2006,50
Wutip - Tropical Storm (2007),7/08/2007,9/08/2007,40
Yagi - Tropical Storm (2013),8/06/2013,12/06/2013,55
Yanyan - Tropical Storm (2003),18/01/2003,21/01/2003,50
Yule - Tropical Storm (1997),16/08/1997,23/08/1997,55
Aere - Typhoon (2004),19/08/2004,26/08/2004,85
Amber - Typhoon (1997),21/08/1997,29/08/1997,110
Bavi - Typhoon (2002),9/10/2002,14/10/2002,70
Bebinca - Typhoon (2000),1/11/2000,6/11/2000,90
Conson - Typhoon (2004),4/06/2004,11/06/2004,95
Conson - Typhoon (2010),11/07/2010,17/07/2010,75
Ele - Typhoon (2002),30/08/2002,10/09/2002,115
Fitow - Typhoon (2013),30/09/2013,6/10/2013,90
Fitow - Typhoon (2007),28/08/2007,7/09/2007,85
Haiyan - Typhoon (2001),11/10/2001,17/10/2001,90
Kirogi - Typhoon (2000),2/07/2000,8/07/2000,115
Kompasu - Typhoon (2010),30/08/2010,2/09/2010,100
Koni - Typhoon (2003),18/07/2003,22/07/2003,65
Koppu - Typhoon (2003),24/09/2003,30/09/2003,80
Krosa - Typhoon (2013),29/10/2013,4/11/2013,100
Krosa - Typhoon (2001),3/10/2001,9/10/2001,105
Linda - Typhoon (1997),31/10/1997,3/11/1997,65
Lingling - Typhoon (2001),6/11/2001,12/11/2001,115
Ma on - Typhoon (2011),11/07/2011,22/07/2011,115
Man yi - Typhoon (2001),1/08/2001,8/08/2001,115
Maria - Typhoon (2006),5/08/2006,9/08/2006,65
Marie - Typhoon (1997),26/05/1997,2/06/1997,90
Meari - Typhoon (2004),20/09/2004,29/09/2004,120
Megi - Typhoon (2004),14/08/2004,19/08/2004,65
Melor - Typhoon (2003),30/10/2003,4/11/2003,75
Meranti - Typhoon (2010),8/09/2010,10/09/2010,65
Meranti - Typhoon (2004),3/08/2004,8/08/2004,90
Muifa - Typhoon (2004),14/11/2004,26/11/2004,115
Nari - Typhoon (2013),9/10/2013,15/10/2013,105
Nari - Typhoon (2007),12/09/2007,16/09/2007,120
Nari - Typhoon (2001),6/09/2001,21/09/2001,100
Omais - Typhoon (2004),17/05/2004,22/05/2004,65
Opal - Typhoon (1997),16/06/1997,21/06/1997,90
Pabuk - Typhoon (2001),14/08/2001,22/08/2001,95
Pabuk - Typhoon (2013),21/09/2013,26/09/2013,90
Pabuk - Typhoon (2007),5/08/2007,9/08/2007,65
Rammasun - Typhoon (2002),28/06/2002,6/07/2002,110
Rananim - Typhoon (2004),7/08/2004,13/08/2004,90
Roke - Typhoon (2011),11/09/2011,21/09/2011,115
Shanshan - Typhoon (2006),10/09/2006,17/09/2006,120
Soudelor - Typhoon (2003),11/06/2003,19/06/2003,115
Tapah - Typhoon (2014),27/04/2014,1/05/2014,65
Tina - Typhoon (1997),30/07/1997,9/08/1997,95
Tingting - Typhoon (2004),25/06/2004,3/07/2004,80
Trami - Typhoon (2013),17/08/2013,21/08/2013,75
Usagi - Typhoon (2007),28/07/2007,3/08/2007,120
Vipa - Typhoon (2001),17/09/2001,21/09/2001,75
Wipha - Typhoon (2013),10/10/2013,15/10/2013,115
Xangsane - Typhoon (2000),25/10/2000,1/11/2000,90
Yagi - Typhoon (2000),22/10/2000,27/10/2000,105
Yutu - Typhoon (2001),22/07/2001,26/07/2001,85
Zita - Typhoon (1997),21/08/1997,23/08/1997,75
Chaba - Typhoon (2010),26/10/2010,30/10/2010,115
Chan hom - Typhoon (2003),19/05/2003,27/05/2003,115
Chanthu - Typhoon (2004),9/06/2004,13/06/2004,75
Chanthu - Typhoon (2010),18/07/2010,22/07/2010,75
Chebi - Typhoon (2006),9/11/2006,14/11/2006,115
Chebi - Typhoon (2001),19/06/2001,24/06/2001,100
Danas - Typhoon (2001),3/09/2001,12/09/2001,115
David - Typhoon (1997),11/09/1997,20/09/1997,95
Durian - Typhoon (2001),29/06/2001,2/07/2001,75
Etau - Typhoon (2003),3/08/2003,9/08/2003,110
Ewiniar - Typhoon (2000),9/08/2000,18/08/2000,75
Fanapi - Typhoon (2010),14/09/2010,20/09/2010,105
Faxai - Typhoon (2014),28/02/2014,6/03/2014,75
Francisco - Typhoon (2001),19/09/2001,25/09/2001,100
Fritz - Typhoon (1997),20/09/1997,25/09/1997,75
Fung wong - Typhoon (2002),20/07/2002,27/07/2002,65
Hagibis - Typhoon (2007),18/11/2007,27/11/2007,85
Haishen - Typhoon (2002),20/11/2002,24/11/2002,95
Huko - Typhoon (2002),24/10/2002,7/11/2002,75
Kaemi - Typhoon (2006),22/07/2006,25/07/2006,85
Kai tak - Typhoon (2000),4/07/2000,10/07/2000,75
Kajiki - Typhoon (2007),19/10/2007,21/10/2007,110
Kalmaegi - Typhoon (2014),10/09/2014,16/09/2014,70
Kong rey - Typhoon (2001),21/07/2001,28/07/2001,85
Kong rey - Typhoon (2007),31/03/2007,5/04/2007,90
Krovanh - Typhoon (2003),15/08/2003,25/08/2003,90
Lekima - Typhoon (2001),22/09/2001,29/09/2001,95
Lekima - Typhoon (2007),30/09/2007,3/10/2007,70
Malakas - Typhoon (2010),20/09/2010,25/09/2010,90
Matmo - Typhoon (2014),17/07/2014,23/07/2014,85
Merbok - Typhoon (2011),3/08/2011,8/08/2011,80
Mitag - Typhoon (2007),20/11/2007,27/11/2007,95
Morakot - Typhoon (2003),1/08/2003,5/08/2003,65
Mort - Typhoon (1997),10/11/1997,16/11/1997,65
Namtheun - Typhoon (2004),25/07/2004,1/08/2004,115
Nepartak - Typhoon (2003),13/11/2003,19/11/2003,75
Nesat - Typhoon (2011),23/09/2011,30/09/2011,105
Nock ten - Typhoon (2004),14/10/2004,26/10/2004,110
Nock ten - Typhoon (2011),24/07/2011,30/07/2011,65
Noguri - Typhoon (2002),6/06/2002,11/06/2002,85
Peipah - Typhoon (2007),3/11/2007,9/11/2007,75
Peter - Typhoon (1997),23/06/1997,29/06/1997,65
Pewa - Typhoon (2013),18/08/2013,25/08/2013,65
Prapiroon - Typhoon (2000),26/08/2000,1/09/2000,85
Prapiroon - Typhoon (2006),31/07/2006,3/08/2006,70
Rumbia - Typhoon (2013),28/06/2013,2/07/2013,65
Rusa - Typhoon (2002),22/08/2002,1/09/2002,115
Sinlaku - Typhoon (2002),28/08/2002,8/09/2002,115
Sonamu - Typhoon (2000),14/09/2000,14/09/2000,75
Sonca - Typhoon (2011),14/09/2011,20/09/2011,85
Soulik - Typhoon (2006),9/10/2006,15/10/2006,90
Soulik - Typhoon (2001),31/12/2000,4/01/2001,115
Toraji - Typhoon (2001),25/07/2001,31/07/2001,100
Utor - Typhoon (2006),7/12/2006,14/12/2006,100
Utor - Typhoon (2001),1/07/2001,6/07/2001,80
Vamei - Typhoon (2001),27/12/2001,28/12/2001,75
Wukong - Typhoon (2000),5/09/2000,10/09/2000,95
Wutip - Typhoon (2013),26/09/2013,30/09/2013,90
#13 - Typhoon (2008),16/08/2008,23/08/2008,100
#15 - Typhoon (2008),7/09/2008,21/09/2008,125
#18 - Typhoon (2008),17/09/2008,25/09/2008,125
#2 - Typhoon (2008),13/04/2008,19/04/2008,100
#27 - Typhoon (2008),8/12/2008,18/12/2008,85
#5 - Typhoon (2008),14/05/2008,20/05/2008,75
#6 - Typhoon (2008),26/05/2008,3/06/2008,125
#7 - Typhoon (2008),17/06/2008,25/06/2008,110
#8 - Typhoon (2008),11/07/2008,20/07/2008,90
#9 - Typhoon (2008),23/07/2008,29/07/2008,95
Choi wan - Typhoon (2003),17/09/2003,22/09/2003,95
